,Open,High,Low,Close,Adj Close,Volume
2022-04-23 04:00:00+00:00,39485.234375,39558.328125,39352.203125,39536.0859375,39536.0859375,0
2022-04-23 05:00:00+00:00,39541.015625,39609.38671875,39536.6015625,39580.56640625,39580.56640625,0
2022-04-23 06:00:00+00:00,39581.14453125,39656.00390625,39572.0859375,39612.14453125,39612.14453125,0
2022-04-23 07:00:00+00:00,39612.5234375,39640.1328125,39586.51953125,39595.07421875,39595.07421875,0
2022-04-23 08:00:00+00:00,39600.54296875,39680.66015625,39571.7109375,39642.2578125,39642.2578125,0
2022-04-23 09:00:00+00:00,39643.84375,39652.3046875,39532.80078125,39540.76171875,39540.76171875,0
2022-04-23 10:00:00+00:00,39542.38671875,39640.44921875,39542.38671875,39623.5703125,39623.5703125,0
2022-04-23 11:00:00+00:00,39625.96484375,39672.3046875,39620.515625,39630.01953125,39630.01953125,0
2022-04-23 12:00:00+00:00,39637.109375,39750.2109375,39571.859375,39712.42578125,39712.42578125,0
2022-04-23 13:00:00+00:00,39707.23046875,39769.34375,39681.43359375,39710.23828125,39710.23828125,0
2022-04-23 14:00:00+00:00,39710.2890625,39754.921875,39668.1953125,39695.984375,39695.984375,0
2022-04-23 15:00:00+00:00,39700.234375,39802.66015625,39695.1796875,39799.02734375,39799.02734375,0
2022-04-23 16:00:00+00:00,39797.78125,39935.859375,39764.4453125,39891.19140625,39891.19140625,0
2022-04-23 17:00:00+00:00,39883.1875,39883.1875,39746.32421875,39816.859375,39816.859375,0
2022-04-23 18:00:00+00:00,39815.0859375,39840.32421875,39697.01953125,39697.01953125,39697.01953125,0
2022-04-23 19:00:00+00:00,39693.578125,39764.70703125,39690.6640625,39764.70703125,39764.70703125,0
2022-04-23 20:00:00+00:00,39764.390625,39816.16015625,39764.390625,39803.3359375,39803.3359375,0
2022-04-23 21:00:00+00:00,39801.7109375,39896.39453125,39801.7109375,39888.4375,39888.4375,0
2022-04-23 22:00:00+00:00,39891.546875,39924.83203125,39844.0078125,39844.0078125,39844.0078125,0
2022-04-23 23:00:00+00:00,39842.23828125,39842.23828125,39489.46484375,39489.46484375,39489.46484375,349188096
2022-04-24 00:00:00+00:00,39478.375,39638.4609375,39466.45703125,39599.90234375,39599.90234375,45257728
2022-04-24 01:00:00+00:00,39596.87890625,39641.00390625,39522.59765625,39525.66796875,39525.66796875,19900416
2022-04-24 02:00:00+00:00,39524.8671875,39616.05078125,39502.3046875,39577.94140625,39577.94140625,15477760
2022-04-24 03:00:00+00:00,39578.19921875,39805.05078125,39567.6953125,39771.234375,39771.234375,297774080
2022-04-24 04:00:00+00:00,39772.35546875,39802.10546875,39710.421875,39727.33203125,39727.33203125,0
2022-04-24 05:00:00+00:00,39729.66796875,39729.8828125,39688.390625,39692.6015625,39692.6015625,0
2022-04-24 06:00:00+00:00,39692.609375,39784.9765625,39687.3671875,39749.2734375,39749.2734375,99773440
2022-04-24 07:00:00+00:00,39748.9296875,39789.4140625,39746.703125,39760.04296875,39760.04296875,0
2022-04-24 08:00:00+00:00,39760.796875,39799.890625,39750.890625,39760.95703125,39760.95703125,0
2022-04-24 09:00:00+00:00,39757.67578125,39781.8359375,39710.35546875,39772.81640625,39772.81640625,0
2022-04-24 10:00:00+00:00,39771.09375,39791.171875,39675.953125,39699.96875,39699.96875,0
2022-04-24 11:00:00+00:00,39704.07421875,39723.79296875,39607.52734375,39619.671875,39619.671875,125878272
2022-04-24 12:00:00+00:00,39621.1328125,39664.453125,39582.7890625,39584.09375,39584.09375,0
2022-04-24 13:00:00+00:00,39587.1875,39595.7421875,39422.26171875,39569.85546875,39569.85546875,353816576
2022-04-24 14:00:00+00:00,39573.5390625,39845.92578125,39435.3125,39828.6328125,39828.6328125,668281856
2022-04-24 15:00:00+00:00,39816.1796875,39816.1796875,39665.5,39670.94140625,39670.94140625,126396416
2022-04-24 16:00:00+00:00,39672.71484375,39701.99609375,39233.5390625,39530.35546875,39530.35546875,0
2022-04-24 17:00:00+00:00,39531.0625,39531.0625,39277.08203125,39417.8203125,39417.8203125,838674432
2022-04-24 18:00:00+00:00,39416.6875,39643.6484375,39416.6875,39643.6484375,39643.6484375,334026752
2022-04-24 19:00:00+00:00,39653.2890625,39740.85546875,39653.2890625,39696.29296875,39696.29296875,269903872
2022-04-24 20:00:00+00:00,39695.87109375,39717.0078125,39511.1328125,39511.1328125,39511.1328125,167520256
2022-04-24 21:00:00+00:00,39513.76953125,39618.1796875,39494.84765625,39618.1796875,39618.1796875,152219648
2022-04-24 22:00:00+00:00,39620.65625,39738.0,39569.3125,39580.3671875,39580.3671875,248281088
2022-04-24 23:00:00+00:00,39579.12890625,39581.21484375,39467.16796875,39467.16796875,39467.16796875,0
2022-04-25 00:00:00+00:00,39472.60546875,39487.9765625,38919.62109375,38919.62109375,38919.62109375,1277106176
2022-04-25 01:00:00+00:00,38908.23828125,39084.8046875,38812.45703125,39070.31640625,39070.31640625,5042493440
2022-04-25 02:00:00+00:00,39083.8125,39115.91796875,39014.625,39070.125,39070.125,1871507456
2022-04-25 03:00:00+00:00,39078.796875,39251.85546875,39078.796875,39245.734375,39245.734375,258422784
2022-04-25 04:00:00+00:00,39245.8671875,39252.4296875,39131.1328125,39166.953125,39166.953125,193044480
2022-04-25 05:00:00+00:00,39165.19140625,39220.57421875,39011.08203125,39025.62890625,39025.62890625,209514496
2022-04-25 06:00:00+00:00,39020.67578125,39036.2578125,38740.3515625,38740.3515625,38740.3515625,767297536
2022-04-25 07:00:00+00:00,38719.7421875,38719.7421875,38409.765625,38484.3984375,38484.3984375,1893232640
2022-04-25 08:00:00+00:00,38482.9609375,38557.984375,38435.84765625,38440.69140625,38440.69140625,0
2022-04-25 09:00:00+00:00,38439.16796875,38609.07421875,38338.37890625,38591.30859375,38591.30859375,933392384
2022-04-25 10:00:00+00:00,38594.9296875,38628.55859375,38500.09765625,38503.0,38503.0,389720064
2022-04-25 11:00:00+00:00,38496.22265625,38855.125,38408.8046875,38816.15625,38816.15625,1460475904
2022-04-25 12:00:00+00:00,38824.265625,38955.8046875,38780.75390625,38833.77734375,38833.77734375,790874112
2022-04-25 13:00:00+00:00,38834.87890625,39139.609375,38708.49609375,38846.1875,38846.1875,1476823040
2022-04-25 14:00:00+00:00,38831.6015625,39325.08203125,38743.21875,39102.74609375,39102.74609375,1774161920
2022-04-25 15:00:00+00:00,39089.3671875,39270.1953125,38992.00390625,39018.48046875,39018.48046875,1062893568
2022-04-25 16:00:00+00:00,39014.9296875,39594.21875,38988.5703125,39521.10546875,39521.10546875,0
2022-04-25 17:00:00+00:00,39515.01171875,39544.88671875,39399.90625,39414.2109375,39414.2109375,124841984
2022-04-25 18:00:00+00:00,39414.23046875,40154.86328125,39367.5234375,40078.1484375,40078.1484375,1320480768
2022-04-25 19:00:00+00:00,40053.8359375,40287.58203125,39829.4765625,40232.8828125,40232.8828125,1840726016
2022-04-25 20:00:00+00:00,40220.06640625,40285.31640625,40120.54296875,40142.27734375,40142.27734375,523800576
2022-04-25 21:00:00+00:00,40144.37890625,40205.65625,40094.296875,40200.765625,40200.765625,156284928
2022-04-25 22:00:00+00:00,40206.87890625,40470.94140625,40164.10546875,40375.54296875,40375.54296875,533229568
2022-04-25 23:00:00+00:00,40373.390625,40491.75390625,40296.328125,40458.96875,40458.96875,448700416
2022-04-26 00:00:00+00:00,40448.421875,40648.0390625,40411.9296875,40575.82421875,40575.82421875,0
2022-04-26 01:00:00+00:00,40575.04296875,40587.24609375,40475.59765625,40476.15234375,40476.15234375,0
2022-04-26 02:00:00+00:00,40473.203125,40554.58984375,40436.015625,40494.26171875,40494.26171875,0
2022-04-26 03:00:00+00:00,40500.4609375,40593.4140625,40500.4609375,40527.2890625,40527.2890625,0
2022-04-26 04:00:00+00:00,40524.66015625,40610.98046875,40505.98828125,40588.5703125,40588.5703125,132677632
2022-04-26 05:00:00+00:00,40578.8359375,40644.84765625,40557.21875,40606.625,40606.625,62136320
2022-04-26 06:00:00+00:00,40604.828125,40604.828125,40491.43359375,40519.94140625,40519.94140625,0
2022-04-26 07:00:00+00:00,40516.22265625,40644.21484375,40468.7421875,40615.890625,40615.890625,0
2022-04-26 08:00:00+00:00,40611.34375,40713.890625,40501.58203125,40505.31640625,40505.31640625,0
2022-04-26 09:00:00+00:00,40512.21484375,40525.1875,40395.1875,40402.4609375,40402.4609375,63377408
2022-04-26 10:00:00+00:00,40397.046875,40424.828125,40365.21875,40387.42578125,40387.42578125,0
2022-04-26 11:00:00+00:00,40384.98046875,40521.3203125,40330.28515625,40478.98828125,40478.98828125,0
2022-04-26 12:00:00+00:00,40474.10546875,40584.83984375,40307.9375,40325.57421875,40325.57421875,0
2022-04-26 13:00:00+00:00,40318.68359375,40330.46484375,39925.98046875,39925.98046875,39925.98046875,69404672
2022-04-26 14:00:00+00:00,39912.59765625,39912.59765625,39357.87109375,39359.48828125,39359.48828125,228679680
2022-04-26 15:00:00+00:00,39338.43359375,39347.41796875,38791.3125,38791.3125,38791.3125,757071872
2022-04-26 16:00:00+00:00,38772.92578125,38844.5,38527.890625,38678.30078125,38678.30078125,0
2022-04-26 17:00:00+00:00,38667.859375,38691.71484375,38172.0,38439.34765625,38439.34765625,1190504448
2022-04-26 18:00:00+00:00,38422.2421875,38436.2265625,38294.25390625,38418.22265625,38418.22265625,0
2022-04-26 19:00:00+00:00,38416.171875,38532.88671875,38009.421875,38347.51953125,38347.51953125,368906240
2022-04-26 20:00:00+00:00,38343.796875,38349.80859375,37884.984375,38084.5390625,38084.5390625,1192947712
2022-04-26 21:00:00+00:00,38100.62109375,38426.91015625,38093.91015625,38381.59765625,38381.59765625,567277568
2022-04-26 22:00:00+00:00,38380.83203125,38433.2421875,38278.23828125,38290.41796875,38290.41796875,0
2022-04-26 23:00:00+00:00,38288.91796875,38288.91796875,37918.67578125,38115.2421875,38115.2421875,777648128
2022-04-27 00:00:00+00:00,38120.30078125,38215.72265625,37997.3125,38161.34375,38161.34375,271462400
2022-04-27 01:00:00+00:00,38168.59765625,38303.44140625,38168.59765625,38301.0078125,38301.0078125,394854400
2022-04-27 02:00:00+00:00,38303.04296875,38408.22265625,38300.44140625,38401.953125,38401.953125,188465152
2022-04-27 03:00:00+00:00,38409.796875,38445.328125,38368.8203125,38368.8203125,38368.8203125,240709632
2022-04-27 04:00:00+00:00,38366.8046875,38445.8203125,38347.95703125,38414.828125,38414.828125,159277056
2022-04-27 05:00:00+00:00,38415.953125,38502.53125,38408.078125,38449.39453125,38449.39453125,120926208
2022-04-27 06:00:00+00:00,38440.140625,38660.68359375,38429.8984375,38626.81640625,38626.81640625,75808768
2022-04-27 07:00:00+00:00,38634.84765625,38895.953125,38634.84765625,38895.953125,38895.953125,676806656
2022-04-27 08:00:00+00:00,38900.40625,39161.33203125,38792.55078125,38960.671875,38960.671875,1218912256
2022-04-27 09:00:00+00:00,38965.06640625,39085.9140625,38900.43359375,39080.41015625,39080.41015625,521342976
2022-04-27 10:00:00+00:00,39077.59765625,39103.46875,38991.08984375,39103.46875,39103.46875,259895296
2022-04-27 11:00:00+00:00,39098.51953125,39100.85546875,38761.41015625,38954.07421875,38954.07421875,255299584
2022-04-27 12:00:00+00:00,38948.16796875,39090.66015625,38918.78125,38922.1171875,38922.1171875,430968832
2022-04-27 13:00:00+00:00,38918.80859375,39397.91796875,38836.828125,39328.9921875,39328.9921875,497975296
2022-04-27 14:00:00+00:00,39328.140625,39340.859375,38555.90234375,38719.7890625,38719.7890625,196608
2022-04-27 15:00:00+00:00,38721.72265625,39021.01171875,38708.30078125,38962.3671875,38962.3671875,93069312
2022-04-27 16:00:00+00:00,38978.90234375,39256.26171875,38978.90234375,39164.234375,39164.234375,0
2022-04-27 17:00:00+00:00,39171.30859375,39202.73828125,39018.7890625,39127.25,39127.25,0
2022-04-27 18:00:00+00:00,39125.4296875,39159.17578125,38877.39453125,38877.39453125,38877.39453125,0
2022-04-27 19:00:00+00:00,38863.23828125,38863.23828125,38730.6328125,38859.49609375,38859.49609375,0
2022-04-27 20:00:00+00:00,38863.1328125,39183.546875,38861.8046875,39113.65625,39113.65625,0
2022-04-27 21:00:00+00:00,39110.2734375,39268.37109375,39110.00390625,39207.9140625,39207.9140625,0
2022-04-27 22:00:00+00:00,39215.94921875,39252.12109375,39091.671875,39096.109375,39096.109375,0
2022-04-27 23:00:00+00:00,39085.37890625,39246.50390625,39085.37890625,39242.2421875,39242.2421875,0
2022-04-28 00:00:00+00:00,39241.4296875,39366.91796875,39163.73828125,39350.76953125,39350.76953125,0
2022-04-28 01:00:00+00:00,39353.734375,39600.1171875,39258.64453125,39265.60546875,39265.60546875,315695104
2022-04-28 02:00:00+00:00,39266.5,39447.09765625,39243.55859375,39439.1015625,39439.1015625,40222720
2022-04-28 03:00:00+00:00,39439.1796875,39487.4296875,39354.18359375,39363.2578125,39363.2578125,378748928
2022-04-28 04:00:00+00:00,39362.73046875,39376.36328125,39323.55078125,39375.796875,39375.796875,131665920
2022-04-28 05:00:00+00:00,39383.10546875,39406.33203125,39268.9765625,39327.89453125,39327.89453125,176988160
2022-04-28 06:00:00+00:00,39325.359375,39419.0625,39300.47265625,39379.234375,39379.234375,0
2022-04-28 07:00:00+00:00,39381.17578125,39574.75390625,39381.17578125,39440.57421875,39440.57421875,0
2022-04-28 08:00:00+00:00,39437.21484375,39663.13671875,39389.953125,39663.13671875,39663.13671875,484718592
2022-04-28 09:00:00+00:00,39648.18359375,39786.8671875,39638.3671875,39765.9375,39765.9375,458270720
2022-04-28 10:00:00+00:00,39763.70703125,39798.5078125,39630.66015625,39686.3515625,39686.3515625,133093376
2022-04-28 11:00:00+00:00,39686.3203125,39735.5703125,39646.5859375,39679.3125,39679.3125,0
2022-04-28 12:00:00+00:00,39676.7734375,39779.5859375,39572.83203125,39572.83203125,39572.83203125,0
2022-04-28 13:00:00+00:00,39573.4921875,39573.4921875,39134.33203125,39148.26953125,39148.26953125,232450048
2022-04-28 14:00:00+00:00,39141.796875,39164.46875,38941.421875,39164.03515625,39164.03515625,0
2022-04-28 15:00:00+00:00,39223.9453125,40063.59375,39223.9453125,39382.32421875,39382.32421875,2242514944
2022-04-28 16:00:00+00:00,39390.79296875,39972.5078125,39354.66796875,39864.3125,39864.3125,0
2022-04-28 17:00:00+00:00,39881.7421875,40187.45703125,39881.7421875,40187.45703125,40187.45703125,726861824
2022-04-28 18:00:00+00:00,40194.546875,40269.46484375,40121.38671875,40130.7578125,40130.7578125,392105984
2022-04-28 19:00:00+00:00,40123.6328125,40178.9453125,39945.390625,39945.390625,39945.390625,0
2022-04-28 20:00:00+00:00,39948.625,40097.37890625,39782.74609375,39940.734375,39940.734375,691363840
2022-04-28 21:00:00+00:00,39939.06640625,39963.60546875,39797.37109375,39846.1015625,39846.1015625,61206528
2022-04-28 22:00:00+00:00,39844.65234375,39849.91796875,39681.34375,39772.9453125,39772.9453125,234500096
2022-04-28 23:00:00+00:00,39777.97265625,39809.87890625,39706.47265625,39770.60546875,39770.60546875,164442112
2022-04-29 00:00:00+00:00,39768.6171875,39832.6328125,39704.66015625,39815.0625,39815.0625,333162496
2022-04-29 01:00:00+00:00,39815.34375,39887.26953125,39790.12109375,39813.48828125,39813.48828125,0
2022-04-29 02:00:00+00:00,39815.24609375,39821.15625,39533.64453125,39533.64453125,39533.64453125,105291776
2022-04-29 03:00:00+00:00,39540.828125,39545.49609375,39410.05859375,39501.59375,39501.59375,148277248
2022-04-29 04:00:00+00:00,39501.16015625,39563.0625,39411.87890625,39558.078125,39558.078125,455786496
2022-04-29 05:00:00+00:00,39555.625,39604.5078125,39507.05859375,39509.94921875,39509.94921875,205283328
2022-04-29 06:00:00+00:00,39507.7109375,39558.953125,39446.73828125,39507.0,39507.0,259403776
2022-04-29 07:00:00+00:00,39505.796875,39579.6171875,39461.40234375,39579.3046875,39579.3046875,0
2022-04-29 08:00:00+00:00,39584.1484375,39603.3359375,39426.08984375,39426.08984375,39426.08984375,0
2022-04-29 09:00:00+00:00,39426.62109375,39426.62109375,39142.6484375,39158.65625,39158.65625,0
2022-04-29 10:00:00+00:00,39153.1796875,39213.609375,38811.06640625,38825.71484375,38825.71484375,505110528
2022-04-29 11:00:00+00:00,38813.44921875,38887.2265625,38698.15625,38783.640625,38783.640625,741478400
2022-04-29 12:00:00+00:00,38778.38671875,39077.0390625,38715.92578125,38943.1484375,38943.1484375,480399360
2022-04-29 13:00:00+00:00,38943.51171875,39217.87890625,38859.234375,39217.87890625,39217.87890625,33366016
2022-04-29 14:00:00+00:00,39222.05859375,39263.59765625,38843.8125,38941.52734375,38941.52734375,204664832
2022-04-29 15:00:00+00:00,38946.09765625,39082.26171875,38896.51953125,39015.19140625,39015.19140625,0
2022-04-29 16:00:00+00:00,39015.828125,39019.70703125,38524.921875,38527.76953125,38527.76953125,0
2022-04-29 17:00:00+00:00,38536.36328125,38663.6953125,38536.36328125,38647.7734375,38647.7734375,0
2022-04-29 18:00:00+00:00,38646.07421875,38660.390625,38427.8203125,38483.3359375,38483.3359375,35205120
2022-04-29 19:00:00+00:00,38493.23046875,38568.6484375,38235.53515625,38301.10546875,38301.10546875,836136960
2022-04-29 20:00:00+00:00,38310.24609375,38568.3828125,38310.24609375,38568.0390625,38568.0390625,0
2022-04-29 21:00:00+00:00,38566.73828125,38626.78515625,38500.15625,38541.515625,38541.515625,0
2022-04-29 22:00:00+00:00,38543.0546875,38624.04296875,38480.9921875,38614.671875,38614.671875,2940076032
2022-04-29 23:00:00+00:00,38618.0390625,38663.94921875,38591.703125,38610.296875,38610.296875,0
2022-04-30 00:00:00+00:00,38605.859375,38733.73828125,38597.5625,38629.71484375,38629.71484375,0
2022-04-30 01:00:00+00:00,38636.07421875,38749.29296875,38636.07421875,38716.69140625,38716.69140625,11184128
2022-04-30 02:00:00+00:00,38713.80078125,38771.2109375,38681.703125,38701.66796875,38701.66796875,0
2022-04-30 03:00:00+00:00,38700.34765625,38701.66796875,38620.0859375,38672.53515625,38672.53515625,0
2022-04-30 04:00:00+00:00,38671.765625,38695.7421875,38558.546875,38567.1171875,38567.1171875,0
2022-04-30 05:00:00+00:00,38568.4140625,38727.08984375,38568.4140625,38719.86328125,38719.86328125,0
2022-04-30 06:00:00+00:00,38721.01171875,38730.6875,38672.5859375,38694.1015625,38694.1015625,0
2022-04-30 07:00:00+00:00,38695.53125,38719.69921875,38654.74609375,38656.83203125,38656.83203125,0
2022-04-30 08:00:00+00:00,38659.4609375,38689.59375,38588.88671875,38635.01953125,38635.01953125,0
2022-04-30 09:00:00+00:00,38635.23828125,38640.3671875,38577.28515625,38634.30078125,38634.30078125,0
2022-04-30 10:00:00+00:00,38635.80078125,38658.91796875,38602.83984375,38602.83984375,38602.83984375,0
2022-04-30 11:00:00+00:00,38604.1484375,38629.4375,38596.578125,38610.625,38610.625,0
2022-04-30 12:00:00+00:00,38604.48046875,38619.0625,38558.88671875,38558.88671875,38558.88671875,0
2022-04-30 13:00:00+00:00,38558.55078125,38634.4921875,38522.76953125,38527.08203125,38527.08203125,0
2022-04-30 14:00:00+00:00,38524.32421875,38572.19140625,38311.14453125,38318.0234375,38318.0234375,0
2022-04-30 15:00:00+00:00,38306.61328125,38506.44140625,38242.33203125,38482.48828125,38482.48828125,139683840
2022-04-30 16:00:00+00:00,38487.91796875,38593.5078125,38482.72265625,38482.72265625,38482.72265625,0
2022-04-30 17:00:00+00:00,38474.375,38474.375,38272.63671875,38289.03125,38289.03125,99616768
2022-04-30 18:00:00+00:00,38298.078125,38356.01953125,38252.85546875,38329.77734375,38329.77734375,0
2022-04-30 19:00:00+00:00,38332.71484375,38474.1796875,38332.71484375,38470.2890625,38470.2890625,0
2022-04-30 20:00:00+00:00,38470.7421875,38470.7421875,38332.04296875,38337.265625,38337.265625,0
2022-04-30 21:00:00+00:00,38334.4453125,38365.30078125,38286.62109375,38332.52734375,38332.52734375,110688256
2022-04-30 22:00:00+00:00,38332.12890625,38369.859375,38241.59375,38273.9765625,38273.9765625,330874880
2022-04-30 23:00:00+00:00,38271.8125,38278.16015625,37697.94140625,37717.0859375,37717.0859375,2289547264
2022-05-01 00:00:00+00:00,37713.265625,37808.359375,37674.14453125,37733.203125,37733.203125,670922752
2022-05-01 01:00:00+00:00,37736.15625,37992.09375,37585.7890625,37953.52734375,37953.52734375,1038751744
2022-05-01 02:00:00+00:00,37938.640625,38044.78125,37841.0625,37841.0625,37841.0625,175978496
2022-05-01 03:00:00+00:00,37841.74609375,38050.20703125,37841.74609375,38046.7109375,38046.7109375,279838720
2022-05-01 04:00:00+00:00,38049.4453125,38064.76171875,37938.49609375,37939.51171875,37939.51171875,148811776
2022-05-01 05:00:00+00:00,37947.8203125,38147.27734375,37947.8203125,38078.7578125,38078.7578125,578273280
2022-05-01 06:00:00+00:00,38075.9609375,38122.29296875,38001.390625,38001.390625,38001.390625,135424000
2022-05-01 07:00:00+00:00,38000.78125,38011.296875,37944.15625,37977.73046875,37977.73046875,117776384
2022-05-01 08:00:00+00:00,37975.8984375,38064.5,37974.33203125,38050.6328125,38050.6328125,0
2022-05-01 09:00:00+00:00,38050.578125,38075.58203125,37932.34765625,38002.546875,38002.546875,0
2022-05-01 10:00:00+00:00,38001.4375,38080.26953125,37986.3359375,38055.94921875,38055.94921875,120254464
2022-05-01 11:00:00+00:00,38049.52734375,38049.52734375,37938.19921875,37947.8828125,37947.8828125,28225536
2022-05-01 12:00:00+00:00,37947.484375,38013.46875,37896.3125,37955.09375,37955.09375,258062336
2022-05-01 13:00:00+00:00,37955.92578125,38023.359375,37936.16015625,37936.16015625,37936.16015625,0
2022-05-01 14:00:00+00:00,37939.33984375,38034.92578125,37935.3515625,38006.35546875,38006.35546875,0
2022-05-01 15:00:00+00:00,38009.91015625,38481.32421875,38003.6953125,38481.32421875,38481.32421875,716513280
2022-05-01 16:00:00+00:00,38488.609375,38627.859375,38444.0859375,38530.96484375,38530.96484375,0
2022-05-01 17:00:00+00:00,38524.48046875,38572.859375,38404.19921875,38405.69921875,38405.69921875,0
2022-05-01 18:00:00+00:00,38402.93359375,38402.93359375,38008.71484375,38008.71484375,38008.71484375,258402304
2022-05-01 19:00:00+00:00,37996.51953125,37996.51953125,37819.38671875,37870.2265625,37870.2265625,552105984
2022-05-01 20:00:00+00:00,37867.375,38122.5703125,37793.03515625,38122.5703125,38122.5703125,540370944
2022-05-01 21:00:00+00:00,38165.98046875,38340.984375,38151.609375,38340.984375,38340.984375,679366656
2022-05-01 22:00:00+00:00,38333.671875,38521.1953125,38181.36328125,38346.45703125,38346.45703125,483211264
2022-05-01 23:00:00+00:00,38340.41015625,38579.60546875,38286.5390625,38483.234375,38483.234375,0
2022-05-02 00:00:00+00:00,38472.1875,38746.9375,38469.15234375,38673.73046875,38673.73046875,428419072
2022-05-02 01:00:00+00:00,38673.0546875,38726.51953125,38545.2109375,38545.2109375,38545.2109375,0
2022-05-02 02:00:00+00:00,38538.90625,38605.37109375,38453.15625,38602.21484375,38602.21484375,96708608
2022-05-02 03:00:00+00:00,38602.375,38691.84765625,38602.375,38683.10546875,38683.10546875,100272128
2022-05-02 04:00:00+00:00,38686.546875,38974.21484375,38631.234375,38966.73828125,38966.73828125,497111040
2022-05-02 05:00:00+00:00,38951.1953125,38995.98828125,38895.51953125,38991.03125,38991.03125,42106880
2022-05-02 06:00:00+00:00,38991.26171875,39074.97265625,38945.9296875,38946.8046875,38946.8046875,239407104
2022-05-02 07:00:00+00:00,38944.35546875,39006.06640625,38921.203125,38921.203125,38921.203125,61845504
2022-05-02 08:00:00+00:00,38905.91796875,38954.66015625,38818.6875,38891.359375,38891.359375,465424384
2022-05-02 09:00:00+00:00,38901.0625,39007.453125,38835.32421875,38835.32421875,38835.32421875,179976192
2022-05-02 10:00:00+00:00,38818.78125,38845.0078125,38704.62890625,38722.44921875,38722.44921875,307744768
2022-05-02 11:00:00+00:00,38723.421875,38747.45703125,38540.78125,38540.78125,38540.78125,442634240
2022-05-02 12:00:00+00:00,38543.51171875,38669.39453125,38477.453125,38521.59375,38521.59375,420542464
2022-05-02 13:00:00+00:00,38521.859375,38970.30078125,38434.91015625,38956.171875,38956.171875,2691776512
2022-05-02 14:00:00+00:00,38953.83984375,39041.82421875,38674.6640625,38836.05078125,38836.05078125,1897836544
2022-05-02 15:00:00+00:00,38848.6640625,38857.94140625,38650.2109375,38679.03515625,38679.03515625,36913152
2022-05-02 16:00:00+00:00,38680.45703125,38801.0625,38592.10546875,38592.10546875,38592.10546875,0
2022-05-02 17:00:00+00:00,38588.69140625,38588.69140625,38273.19140625,38354.15625,38354.15625,669442048
2022-05-02 18:00:00+00:00,38357.3203125,38452.5546875,38156.5625,38245.21875,38245.21875,529899520
2022-05-02 19:00:00+00:00,38239.89453125,38551.00390625,38212.84375,38547.5625,38547.5625,768260096
2022-05-02 20:00:00+00:00,38548.2578125,38561.234375,38354.109375,38354.41796875,38354.41796875,0
2022-05-02 21:00:00+00:00,38352.5234375,38680.421875,38330.22265625,38680.421875,38680.421875,176328704
2022-05-02 22:00:00+00:00,38670.58203125,38785.625,38610.93359375,38614.16015625,38614.16015625,0
2022-05-02 23:00:00+00:00,38611.71875,38700.06640625,38527.51953125,38527.51953125,38527.51953125,0
2022-05-03 00:00:00+00:00,38528.109375,38554.05859375,38429.7734375,38432.62890625,38432.62890625,0
2022-05-03 01:00:00+00:00,38430.40625,38504.23828125,38381.96875,38493.64453125,38493.64453125,0
2022-05-03 02:00:00+00:00,38496.8359375,38570.828125,38371.15234375,38423.109375,38423.109375,0
2022-05-03 03:00:00+00:00,38418.94921875,38574.42578125,38411.08984375,38503.12890625,38503.12890625,160819200
2022-05-03 04:00:00+00:00,38505.21875,38539.828125,38476.52734375,38536.0546875,38536.0546875,0
2022-05-03 05:00:00+00:00,38533.53515625,38533.53515625,38418.6171875,38531.73828125,38531.73828125,0
2022-05-03 06:00:00+00:00,38528.2265625,38550.49609375,38473.4765625,38489.1328125,38489.1328125,0
2022-05-03 07:00:00+00:00,38491.11328125,38550.875,38444.9296875,38548.1171875,38548.1171875,39462912
2022-05-03 08:00:00+00:00,38547.1328125,38629.99609375,38547.1328125,38556.38671875,38556.38671875,0
2022-05-03 09:00:00+00:00,38555.33203125,38555.33203125,38460.17578125,38460.17578125,38460.17578125,0
2022-05-03 10:00:00+00:00,38464.203125,38476.1171875,38392.5703125,38430.2734375,38430.2734375,0
2022-05-03 11:00:00+00:00,38428.88671875,38552.51171875,38377.64453125,38552.51171875,38552.51171875,62541824
2022-05-03 12:00:00+00:00,38554.22265625,38567.01171875,38452.328125,38475.1171875,38475.1171875,0
2022-05-03 13:00:00+00:00,38467.9921875,38467.9921875,38242.36328125,38347.84375,38347.84375,0
2022-05-03 14:00:00+00:00,38366.03125,38437.09765625,38247.0703125,38274.08203125,38274.08203125,0
2022-05-03 15:00:00+00:00,38286.765625,38389.5390625,38267.234375,38322.08203125,38322.08203125,0
2022-05-03 16:00:00+00:00,38322.9375,38375.68359375,38159.30078125,38169.8828125,38169.8828125,0
2022-05-03 17:00:00+00:00,38171.04296875,38278.87890625,38118.5390625,38120.625,38120.625,0
2022-05-03 18:00:00+00:00,38112.546875,38112.546875,37658.25,37746.10546875,37746.10546875,476758016
2022-05-03 19:00:00+00:00,37751.06640625,37761.859375,37590.55078125,37722.54296875,37722.54296875,0
2022-05-03 20:00:00+00:00,37727.875,37727.875,37585.62109375,37636.16796875,37636.16796875,0
2022-05-03 21:00:00+00:00,37643.80859375,37942.6171875,37643.80859375,37806.60546875,37806.60546875,452823040
2022-05-03 22:00:00+00:00,37811.0,37870.453125,37775.20703125,37775.20703125,37775.20703125,0
2022-05-03 23:00:00+00:00,37776.63671875,37776.63671875,37675.83984375,37754.44921875,37754.44921875,275912704
2022-05-04 00:00:00+00:00,37748.01171875,37900.08203125,37732.05859375,37897.9609375,37897.9609375,68851712
2022-05-04 01:00:00+00:00,37898.57421875,37953.30078125,37885.16796875,37885.875,37885.875,0
2022-05-04 02:00:00+00:00,37886.5703125,38014.00390625,37886.5703125,37980.53515625,37980.53515625,0
2022-05-04 03:00:00+00:00,37980.33203125,38073.265625,37977.3046875,38025.234375,38025.234375,0
2022-05-04 04:00:00+00:00,38026.1953125,38059.09765625,37974.1328125,37998.66796875,37998.66796875,0
2022-05-04 05:00:00+00:00,37997.95703125,38102.0625,37991.6796875,38099.078125,38099.078125,112826368
2022-05-04 06:00:00+00:00,38094.74609375,38377.34765625,38086.94140625,38377.34765625,38377.34765625,816779264
2022-05-04 07:00:00+00:00,38380.31640625,38647.67578125,38351.76171875,38647.05078125,38647.05078125,1344378880
2022-05-04 08:00:00+00:00,38651.70703125,38958.25390625,38651.70703125,38958.25390625,38958.25390625,1279674368
2022-05-04 09:00:00+00:00,38953.09765625,39006.0390625,38862.74609375,38871.60546875,38871.60546875,281825280
2022-05-04 10:00:00+00:00,38868.8984375,39021.5859375,38868.8984375,38968.85546875,38968.85546875,1088796672
2022-05-04 11:00:00+00:00,38974.53515625,39025.80859375,38900.03125,39006.2890625,39006.2890625,198799360
2022-05-04 12:00:00+00:00,39004.109375,39095.109375,38885.23828125,38967.44921875,38967.44921875,655669248
2022-05-04 13:00:00+00:00,38968.69140625,39041.9609375,38830.98828125,38830.98828125,38830.98828125,0
2022-05-04 14:00:00+00:00,38818.6328125,38849.44140625,38730.5625,38799.4609375,38799.4609375,106321920
2022-05-04 15:00:00+00:00,38801.42578125,38985.8515625,38737.4765625,38973.31640625,38973.31640625,451977216
2022-05-04 16:00:00+00:00,38975.91796875,39287.79296875,38892.50390625,39149.59765625,39149.59765625,0
2022-05-04 17:00:00+00:00,39153.3125,39212.02734375,38871.5625,39035.9140625,39035.9140625,514338816
2022-05-04 18:00:00+00:00,39018.12109375,39619.921875,38761.609375,39593.61328125,39593.61328125,3826855936
2022-05-04 19:00:00+00:00,39589.03515625,39902.94921875,39589.03515625,39807.44921875,39807.44921875,1675657216
2022-05-04 20:00:00+00:00,39810.27734375,39882.9296875,39775.97265625,39820.484375,39820.484375,309817344
2022-05-04 21:00:00+00:00,39823.12890625,39862.58203125,39750.05078125,39761.12890625,39761.12890625,0
2022-05-04 22:00:00+00:00,39761.265625,39770.90234375,39699.0625,39711.2890625,39711.2890625,102830080
2022-05-04 23:00:00+00:00,39713.5390625,39713.5390625,39642.4453125,39693.05859375,39693.05859375,235941888
2022-05-05 00:00:00+00:00,39695.74609375,39730.4453125,39605.359375,39655.31640625,39655.31640625,390430720
2022-05-05 01:00:00+00:00,39656.43359375,39680.8203125,39625.9609375,39646.5859375,39646.5859375,291733504
2022-05-05 02:00:00+00:00,39647.41015625,39759.48828125,39635.20703125,39753.69140625,39753.69140625,88260608
2022-05-05 03:00:00+00:00,39761.1640625,39765.42578125,39693.1171875,39717.9296875,39717.9296875,83869696
2022-05-05 04:00:00+00:00,39719.6796875,39756.69921875,39692.81640625,39753.19140625,39753.19140625,0
2022-05-05 05:00:00+00:00,39753.9921875,39789.28125,39602.96484375,39612.50390625,39612.50390625,171520000
2022-05-05 06:00:00+00:00,39614.95703125,39693.1171875,39564.41015625,39567.48046875,39567.48046875,0
2022-05-05 07:00:00+00:00,39563.234375,39620.875,39548.67578125,39595.0234375,39595.0234375,0
2022-05-05 08:00:00+00:00,39595.90234375,39611.94140625,39484.26171875,39484.26171875,39484.26171875,0
2022-05-05 09:00:00+00:00,39486.75,39545.08984375,39441.98046875,39476.484375,39476.484375,0
2022-05-05 10:00:00+00:00,39476.765625,39593.12890625,39462.9296875,39528.734375,39528.734375,0
2022-05-05 11:00:00+00:00,39525.88671875,39568.046875,39483.9609375,39484.25390625,39484.25390625,0
2022-05-05 12:00:00+00:00,39488.72265625,39552.21484375,39483.03515625,39514.1875,39514.1875,0
2022-05-05 13:00:00+00:00,39519.30078125,39519.66796875,39109.32421875,39109.32421875,39109.32421875,141264896
2022-05-05 14:00:00+00:00,39098.4375,39098.4375,38194.14453125,38194.14453125,38194.14453125,2144518144
2022-05-05 15:00:00+00:00,38200.8203125,38203.41015625,36804.1171875,36914.73828125,36914.73828125,5904736256
2022-05-05 16:00:00+00:00,36913.6796875,37233.734375,36890.06640625,37056.87890625,37056.87890625,0
2022-05-05 17:00:00+00:00,37049.68359375,37161.6875,36869.2421875,36883.765625,36883.765625,635514880
2022-05-05 18:00:00+00:00,36876.671875,36876.671875,36300.41015625,36405.9609375,36405.9609375,0
2022-05-05 19:00:00+00:00,36412.4609375,36427.50390625,35856.515625,36301.578125,36301.578125,1786785792
2022-05-05 20:00:00+00:00,36304.71875,36430.07421875,36213.4296875,36430.07421875,36430.07421875,856489984
2022-05-05 21:00:00+00:00,36435.32421875,36592.2109375,36384.859375,36491.51953125,36491.51953125,443756544
2022-05-05 22:00:00+00:00,36484.32421875,36485.57421875,36302.234375,36302.953125,36302.953125,137158656
2022-05-05 23:00:00+00:00,36292.68359375,36574.79296875,36277.79296875,36574.79296875,36574.79296875,655093760
2022-05-06 00:00:00+00:00,36573.18359375,36624.359375,36358.6015625,36385.26953125,36385.26953125,100093952
2022-05-06 01:00:00+00:00,36397.34765625,36416.62890625,36269.17578125,36315.12109375,36315.12109375,182370304
2022-05-06 02:00:00+00:00,36319.328125,36540.15625,36316.97265625,36450.62109375,36450.62109375,583438336
2022-05-06 03:00:00+00:00,36450.36328125,36476.109375,36390.64453125,36421.015625,36421.015625,106614784
2022-05-06 04:00:00+00:00,36429.22265625,36461.609375,36355.3984375,36392.46484375,36392.46484375,253181952
2022-05-06 05:00:00+00:00,36397.171875,36495.6640625,36397.171875,36491.84375,36491.84375,130404352
2022-05-06 06:00:00+00:00,36494.05078125,36533.8359375,36431.7734375,36432.65234375,36432.65234375,0
2022-05-06 07:00:00+00:00,36432.87890625,36446.97265625,35962.84765625,36373.41796875,36373.41796875,1685225472
2022-05-06 08:00:00+00:00,36370.44140625,36401.6484375,36234.80078125,36265.5859375,36265.5859375,793931776
2022-05-06 09:00:00+00:00,36258.83203125,36391.88671875,36199.453125,36391.88671875,36391.88671875,401027072
2022-05-06 10:00:00+00:00,36393.671875,36409.37890625,35928.79296875,35928.79296875,35928.79296875,221241344
2022-05-06 11:00:00+00:00,35937.2734375,36030.6796875,35714.3046875,35849.22265625,35849.22265625,1464918016
2022-05-06 12:00:00+00:00,35852.01171875,36264.046875,35758.55859375,35890.48046875,35890.48046875,1982816256
2022-05-06 13:00:00+00:00,35899.234375,36008.0625,35482.1328125,35673.21484375,35673.21484375,2352537600
2022-05-06 14:00:00+00:00,35685.0390625,36112.72265625,35685.0390625,36112.72265625,36112.72265625,762105856
2022-05-06 15:00:00+00:00,36138.08203125,36357.75,36014.9609375,36048.84375,36048.84375,0
2022-05-06 16:00:00+00:00,36035.3984375,36212.84375,35985.94921875,36212.84375,36212.84375,0
2022-05-06 17:00:00+00:00,36215.64453125,36216.953125,35928.6171875,35940.65234375,35940.65234375,0
2022-05-06 18:00:00+00:00,35941.8984375,36055.57421875,35887.8828125,36030.67578125,36030.67578125,0
2022-05-06 19:00:00+00:00,36023.3984375,36133.93359375,35897.0859375,36008.78515625,36008.78515625,0
2022-05-06 20:00:00+00:00,36013.05859375,36101.62890625,35899.015625,36098.34765625,36098.34765625,0
2022-05-06 21:00:00+00:00,36091.09375,36094.84375,35948.96484375,35983.3125,35983.3125,0
2022-05-06 22:00:00+00:00,35983.90234375,36048.5859375,35925.26171875,36044.484375,36044.484375,0
2022-05-06 23:00:00+00:00,36044.9921875,36114.47265625,36023.10546875,36041.23046875,36041.23046875,0
2022-05-07 00:00:00+00:00,36042.50390625,36056.36328125,35979.4609375,36015.5390625,36015.5390625,0
2022-05-07 01:00:00+00:00,36016.93359375,36048.79296875,35957.57421875,36021.14453125,36021.14453125,0
2022-05-07 02:00:00+00:00,36021.0625,36027.12109375,35955.484375,35970.6171875,35970.6171875,0
2022-05-07 03:00:00+00:00,35968.3984375,35968.3984375,35835.625,35860.29296875,35860.29296875,0
2022-05-07 04:00:00+00:00,35863.5234375,35868.5390625,35785.62890625,35797.3828125,35797.3828125,0
2022-05-07 05:00:00+00:00,35798.24609375,35894.296875,35769.9375,35883.5703125,35883.5703125,25694208
2022-05-07 06:00:00+00:00,35889.6328125,35915.48828125,35811.60546875,35830.1328125,35830.1328125,0
2022-05-07 07:00:00+00:00,35830.97265625,35945.77734375,35816.28125,35940.07421875,35940.07421875,0
2022-05-07 08:00:00+00:00,35934.91015625,36041.7109375,35909.18359375,36034.359375,36034.359375,0
2022-05-07 09:00:00+00:00,36027.42578125,36040.59375,35987.19921875,36005.4375,36005.4375,0
2022-05-07 10:00:00+00:00,35999.8359375,36096.94921875,35978.8203125,36058.57421875,36058.57421875,0
2022-05-07 11:00:00+00:00,36067.76171875,36129.92578125,36045.9375,36049.04296875,36049.04296875,0
2022-05-07 12:00:00+00:00,36049.16015625,36057.1484375,35989.609375,36017.60546875,36017.60546875,0
2022-05-07 13:00:00+00:00,36021.9765625,36040.40625,35911.04296875,35913.1796875,35913.1796875,0
2022-05-07 14:00:00+00:00,35917.7734375,35986.69140625,35904.25390625,35985.32421875,35985.32421875,0
2022-05-07 15:00:00+00:00,35985.3359375,36040.3828125,35966.24609375,35971.25,35971.25,0
2022-05-07 16:00:00+00:00,35974.98828125,35989.97265625,35918.67578125,35950.3515625,35950.3515625,0
2022-05-07 17:00:00+00:00,35955.66015625,35971.6796875,35901.125,35903.45703125,35903.45703125,0
2022-05-07 18:00:00+00:00,35904.08984375,35993.046875,35890.95703125,35922.51171875,35922.51171875,0
2022-05-07 19:00:00+00:00,35924.72265625,35941.18359375,35886.50390625,35886.83203125,35886.83203125,0
2022-05-07 20:00:00+00:00,35885.66796875,35885.66796875,35771.03125,35812.59765625,35812.59765625,58193920
2022-05-07 21:00:00+00:00,35797.51171875,35811.64453125,35251.19140625,35251.19140625,35251.19140625,1159534592
2022-05-07 22:00:00+00:00,35234.81640625,35280.32421875,34940.82421875,35024.6640625,35024.6640625,1661480960
2022-05-07 23:00:00+00:00,35039.8203125,35631.07421875,35039.8203125,35516.6015625,35516.6015625,1902647296
2022-05-08 00:00:00+00:00,35502.94140625,35502.94140625,35196.37109375,35196.37109375,35196.37109375,534992896
2022-05-08 01:00:00+00:00,35191.53125,35239.375,34895.234375,34919.99609375,34919.99609375,1229897728
2022-05-08 02:00:00+00:00,34918.796875,34918.796875,34501.46875,34608.6484375,34608.6484375,2694017024
2022-05-08 03:00:00+00:00,34601.68359375,34613.7578125,34379.5546875,34500.57421875,34500.57421875,1889955840
2022-05-08 04:00:00+00:00,34505.46484375,34663.2421875,34480.796875,34480.796875,34480.796875,676243456
2022-05-08 05:00:00+00:00,34475.62890625,34475.62890625,34378.04296875,34448.20703125,34448.20703125,449785856
2022-05-08 06:00:00+00:00,34451.60546875,34863.54296875,34451.60546875,34791.96484375,34791.96484375,989079552
2022-05-08 07:00:00+00:00,34784.9765625,34873.6328125,34656.6875,34656.6875,34656.6875,228511744
2022-05-08 08:00:00+00:00,34654.8046875,34701.3203125,34553.6640625,34693.17578125,34693.17578125,269803520
2022-05-08 09:00:00+00:00,34692.8203125,34699.921875,34569.8046875,34590.08203125,34590.08203125,211535872
2022-05-08 10:00:00+00:00,34590.1328125,34777.4453125,34565.53125,34736.70703125,34736.70703125,466087936
2022-05-08 11:00:00+00:00,34737.5078125,34834.5,34734.19140625,34783.015625,34783.015625,277211136
2022-05-08 12:00:00+00:00,34784.15625,34818.76171875,34632.125,34644.0546875,34644.0546875,145690624
2022-05-08 13:00:00+00:00,34645.78125,34661.25,34443.84375,34443.84375,34443.84375,341708800
2022-05-08 14:00:00+00:00,34445.27734375,34552.015625,34395.13671875,34466.62109375,34466.62109375,1075826688
2022-05-08 15:00:00+00:00,34465.38671875,34585.78125,34434.109375,34440.37890625,34440.37890625,474923008
2022-05-08 16:00:00+00:00,34431.90234375,34527.36328125,34380.65234375,34416.2421875,34416.2421875,0
2022-05-08 17:00:00+00:00,34412.33203125,34412.33203125,33878.96484375,34058.91015625,34058.91015625,3375007744
2022-05-08 18:00:00+00:00,34071.0,34572.89453125,33932.23828125,34516.59375,34516.59375,1475506176
2022-05-08 19:00:00+00:00,34514.7734375,34672.2734375,34513.02734375,34589.09765625,34589.09765625,523493376
2022-05-08 20:00:00+00:00,34593.2265625,34600.48046875,34300.46484375,34309.77734375,34309.77734375,280842240
2022-05-08 21:00:00+00:00,34296.3203125,34461.84765625,34286.6953125,34459.99609375,34459.99609375,0
2022-05-08 22:00:00+00:00,34461.640625,34461.640625,34152.12109375,34298.51171875,34298.51171875,0
2022-05-08 23:00:00+00:00,34295.76953125,34295.76953125,33979.34375,34026.7421875,34026.7421875,0
2022-05-09 00:00:00+00:00,34060.015625,34191.234375,34039.796875,34163.02734375,34163.02734375,275906560
2022-05-09 01:00:00+00:00,34162.78125,34222.07421875,34083.22265625,34088.24609375,34088.24609375,0
2022-05-09 02:00:00+00:00,34087.44921875,34087.44921875,33393.61328125,33422.03515625,33422.03515625,183775232
2022-05-09 03:00:00+00:00,33428.98828125,33771.390625,33428.98828125,33611.7734375,33611.7734375,391393280
2022-05-09 04:00:00+00:00,33602.9375,33797.05859375,33554.0703125,33669.26953125,33669.26953125,0
2022-05-09 05:00:00+00:00,33672.86328125,33716.31640625,33511.34765625,33527.7109375,33527.7109375,12939264
2022-05-09 06:00:00+00:00,33525.33984375,33568.24609375,33407.70703125,33557.9375,33557.9375,237326336
2022-05-09 07:00:00+00:00,33563.56640625,33710.484375,33549.45703125,33559.95703125,33559.95703125,308232192
2022-05-09 08:00:00+00:00,33553.19140625,33630.28515625,33247.55078125,33623.9453125,33623.9453125,939843584
2022-05-09 09:00:00+00:00,33639.11328125,33709.921875,33472.19140625,33478.03125,33478.03125,581332992
2022-05-09 10:00:00+00:00,33477.58984375,33518.58203125,32834.953125,32834.953125,32834.953125,2226618368
2022-05-09 11:00:00+00:00,32856.25,33103.40625,32813.30859375,33097.5625,33097.5625,2223607808
2022-05-09 12:00:00+00:00,33108.6875,33114.06640625,32932.375,32960.546875,32960.546875,958779392
2022-05-09 13:00:00+00:00,32950.87109375,33312.8046875,32778.8671875,33015.81640625,33015.81640625,2745868288
2022-05-09 14:00:00+00:00,33038.50390625,33062.78515625,32593.544921875,32593.544921875,32593.544921875,1393500160
2022-05-09 15:00:00+00:00,32590.642578125,32656.9140625,32185.0703125,32368.76171875,32368.76171875,2080280576
2022-05-09 16:00:00+00:00,32356.78515625,32529.70703125,31715.830078125,31750.67578125,31750.67578125,0
2022-05-09 17:00:00+00:00,31777.720703125,31841.767578125,31277.314453125,31449.513671875,31449.513671875,2188156928
2022-05-09 18:00:00+00:00,31433.27734375,31453.02734375,30556.705078125,30969.93359375,30969.93359375,3748962304
2022-05-09 19:00:00+00:00,30924.197265625,30924.197265625,30516.072265625,30880.02734375,30880.02734375,3086729216
2022-05-09 20:00:00+00:00,30896.8359375,31781.4609375,30853.384765625,31177.9921875,31177.9921875,3564036096
2022-05-09 21:00:00+00:00,31158.87890625,31456.41015625,31010.033203125,31048.416015625,31048.416015625,1490214912
2022-05-09 22:00:00+00:00,31032.59765625,31274.435546875,30822.6171875,31153.958984375,31153.958984375,1331339264
2022-05-09 23:00:00+00:00,31148.8046875,31205.888671875,30328.443359375,30328.443359375,30328.443359375,963010560
2022-05-10 00:00:00+00:00,30273.654296875,30729.65234375,29944.802734375,30574.744140625,30574.744140625,4945887232
2022-05-10 01:00:00+00:00,30593.005859375,31278.740234375,30593.005859375,31006.6328125,31006.6328125,3549257728
2022-05-10 02:00:00+00:00,30985.236328125,31342.458984375,30856.107421875,31129.55859375,31129.55859375,198950912
2022-05-10 03:00:00+00:00,31119.958984375,31119.958984375,30729.46875,30755.751953125,30755.751953125,0
2022-05-10 04:00:00+00:00,30740.20703125,31236.1796875,30686.078125,31236.1796875,31236.1796875,2294300672
2022-05-10 05:00:00+00:00,31222.73828125,31914.58984375,31222.73828125,31826.623046875,31826.623046875,3010379776
2022-05-10 06:00:00+00:00,31819.39453125,32596.30859375,31819.39453125,32213.005859375,32213.005859375,2946220032
2022-05-10 07:00:00+00:00,32206.255859375,32208.775390625,31775.607421875,31775.607421875,31775.607421875,680198144
2022-05-10 08:00:00+00:00,31766.115234375,31929.216796875,31648.099609375,31800.7265625,31800.7265625,812384256
2022-05-10 09:00:00+00:00,31802.435546875,31886.744140625,31472.3359375,31472.3359375,31472.3359375,595746816
2022-05-10 10:00:00+00:00,31478.724609375,31531.689453125,31388.73046875,31390.9453125,31390.9453125,0
2022-05-10 11:00:00+00:00,31388.57421875,31755.986328125,31349.265625,31666.185546875,31666.185546875,312516608
2022-05-10 12:00:00+00:00,31664.0625,32186.146484375,31585.0390625,32183.595703125,32183.595703125,1631010816
2022-05-10 13:00:00+00:00,32181.10546875,32242.150390625,31661.65234375,31798.50390625,31798.50390625,0
2022-05-10 14:00:00+00:00,31808.7265625,32050.646484375,31041.962890625,31130.8046875,31130.8046875,0
2022-05-10 15:00:00+00:00,31106.41796875,31453.908203125,30996.416015625,31282.61328125,31282.61328125,689790976
2022-05-10 16:00:00+00:00,31294.951171875,31390.7265625,31103.25390625,31200.587890625,31200.587890625,0
2022-05-10 17:00:00+00:00,31190.548828125,31760.080078125,31190.548828125,31668.078125,31668.078125,0
2022-05-10 18:00:00+00:00,31667.13671875,31747.68359375,31506.1953125,31631.3671875,31631.3671875,0
2022-05-10 19:00:00+00:00,31619.544921875,31651.44140625,31291.111328125,31388.423828125,31388.423828125,0
2022-05-10 20:00:00+00:00,31392.576171875,31392.576171875,30997.859375,31002.318359375,31002.318359375,0
2022-05-10 21:00:00+00:00,30998.126953125,31113.79296875,30384.548828125,30384.548828125,30384.548828125,0
2022-05-10 22:00:00+00:00,30382.63671875,30848.734375,30320.798828125,30848.734375,30848.734375,1264676864
2022-05-10 23:00:00+00:00,30812.994140625,31177.826171875,30773.228515625,31010.990234375,31010.990234375,0
2022-05-11 00:00:00+00:00,31016.18359375,31304.05078125,30872.2890625,31096.6875,31096.6875,0
2022-05-11 01:00:00+00:00,31094.96484375,31094.96484375,30804.58203125,30860.91015625,30860.91015625,0
2022-05-11 02:00:00+00:00,30844.251953125,31438.876953125,30719.361328125,31417.984375,31417.984375,166170624
2022-05-11 03:00:00+00:00,31437.5234375,31579.220703125,31218.634765625,31240.228515625,31240.228515625,0
2022-05-11 04:00:00+00:00,31231.6328125,31348.888671875,31129.6640625,31237.875,31237.875,0
2022-05-11 05:00:00+00:00,31221.828125,31732.447265625,31114.6015625,31448.08984375,31448.08984375,639524864
2022-05-11 06:00:00+00:00,31458.595703125,31471.517578125,30620.966796875,30620.966796875,30620.966796875,0
2022-05-11 07:00:00+00:00,30579.18359375,30705.921875,30322.17578125,30446.466796875,30446.466796875,1542201344
2022-05-11 08:00:00+00:00,30455.015625,31167.39453125,30455.015625,31167.39453125,31167.39453125,2369462272
2022-05-11 09:00:00+00:00,31197.576171875,31657.888671875,31129.681640625,31657.888671875,31657.888671875,1572859904
2022-05-11 10:00:00+00:00,31668.4609375,32013.40234375,31610.572265625,31886.1875,31886.1875,944545792
2022-05-11 11:00:00+00:00,31868.296875,31868.296875,31502.126953125,31502.126953125,31502.126953125,0
2022-05-11 12:00:00+00:00,31500.94140625,31692.171875,29367.916015625,29367.916015625,29367.916015625,1578524672
2022-05-11 13:00:00+00:00,29382.705078125,31311.060546875,29323.23046875,31028.9140625,31028.9140625,8863047680
2022-05-11 14:00:00+00:00,31004.783203125,31724.62109375,30852.79296875,31540.064453125,31540.064453125,3849764864
2022-05-11 15:00:00+00:00,31600.720703125,31708.662109375,30888.966796875,30916.451171875,30916.451171875,0
2022-05-11 16:00:00+00:00,30951.1015625,31068.64453125,30277.509765625,30277.509765625,30277.509765625,0
2022-05-11 17:00:00+00:00,30336.630859375,30336.630859375,29570.349609375,29832.3984375,29832.3984375,755363840
2022-05-11 18:00:00+00:00,29838.40234375,30154.96875,29813.322265625,29858.328125,29858.328125,530739200
2022-05-11 19:00:00+00:00,29887.736328125,29956.939453125,29296.986328125,29387.359375,29387.359375,526880768
2022-05-11 20:00:00+00:00,29378.609375,29480.75390625,28494.85546875,28500.80078125,28500.80078125,1226346496
2022-05-11 21:00:00+00:00,28506.791015625,29068.12109375,28170.412109375,28903.681640625,28903.681640625,3036045312
2022-05-11 22:00:00+00:00,28952.107421875,29141.181640625,28594.466796875,28876.376953125,28876.376953125,423026688
2022-05-11 23:00:00+00:00,28878.71875,28963.2421875,28670.60546875,28912.046875,28912.046875,48816128
2022-05-12 00:00:00+00:00,28936.734375,30032.439453125,28936.734375,29905.279296875,29905.279296875,2996297728
2022-05-12 01:00:00+00:00,29896.833984375,29927.671875,29286.462890625,29286.462890625,29286.462890625,0
2022-05-12 02:00:00+00:00,29260.1015625,29314.30078125,28779.615234375,28801.76171875,28801.76171875,0
2022-05-12 03:00:00+00:00,28793.291015625,28881.958984375,28425.4296875,28425.4296875,28425.4296875,431996928
2022-05-12 04:00:00+00:00,28433.470703125,28433.470703125,27382.326171875,27638.755859375,27638.755859375,2626404352
2022-05-12 05:00:00+00:00,27653.6953125,27693.544921875,26766.7890625,26782.150390625,26782.150390625,1382244352
2022-05-12 06:00:00+00:00,26818.333984375,27470.744140625,26759.84765625,26759.84765625,26759.84765625,2666594304
2022-05-12 07:00:00+00:00,26751.498046875,28216.359375,26350.490234375,27966.919921875,27966.919921875,5486149632
2022-05-12 08:00:00+00:00,27938.609375,27984.880859375,27352.44921875,27804.671875,27804.671875,622518272
2022-05-12 09:00:00+00:00,27800.017578125,28130.42578125,27696.44140625,27798.595703125,27798.595703125,314023936
2022-05-12 10:00:00+00:00,27810.220703125,28517.423828125,27608.849609375,28413.841796875,28413.841796875,1903386624
2022-05-12 11:00:00+00:00,28429.80078125,28955.552734375,28288.681640625,28310.15234375,28310.15234375,494960640
2022-05-12 12:00:00+00:00,28330.6875,28488.34375,27958.2265625,28411.1875,28411.1875,0
2022-05-12 13:00:00+00:00,28411.00390625,28595.55078125,27949.6015625,28207.548828125,28207.548828125,0
2022-05-12 14:00:00+00:00,28169.794921875,29400.7421875,28019.8203125,29400.7421875,29400.7421875,2771902464
2022-05-12 15:00:00+00:00,29408.537109375,29649.58203125,29085.171875,29085.171875,29085.171875,0
2022-05-12 16:00:00+00:00,29067.603515625,29761.673828125,28962.896484375,29695.546875,29695.546875,0
2022-05-12 17:00:00+00:00,29668.107421875,29680.96875,28662.541015625,28670.439453125,28670.439453125,0
2022-05-12 18:00:00+00:00,28666.5625,28707.81640625,28213.314453125,28267.072265625,28267.072265625,0
2022-05-12 19:00:00+00:00,28276.91015625,28710.650390625,28276.91015625,28682.978515625,28682.978515625,261160960
2022-05-12 20:00:00+00:00,28687.6015625,28800.52734375,28519.837890625,28614.220703125,28614.220703125,0
2022-05-12 21:00:00+00:00,28613.802734375,28613.802734375,28031.779296875,28399.220703125,28399.220703125,0
2022-05-12 22:00:00+00:00,28400.669921875,28645.552734375,28369.6484375,28596.6953125,28596.6953125,0
2022-05-12 23:00:00+00:00,28636.87109375,29181.05859375,28636.87109375,29063.31640625,29063.31640625,571346944
2022-05-13 00:00:00+00:00,29030.91015625,29428.41015625,28782.330078125,29428.41015625,29428.41015625,211607552
2022-05-13 01:00:00+00:00,29442.822265625,29602.939453125,29260.662109375,29475.982421875,29475.982421875,0
2022-05-13 02:00:00+00:00,29470.33203125,30023.140625,29438.6875,29979.68359375,29979.68359375,1103368192
2022-05-13 03:00:00+00:00,29997.8203125,30628.19140625,29997.8203125,30628.19140625,30628.19140625,1944477696
